{"cameraMode":{"drawMode":0,"name":"Shaded","section":"Shading Mode"},"sceneLighting":false,"audioPlay":false,"sceneViewState":{"m_AlwaysRefresh":false,"showFog":true,"showSkybox":false,"showFlares":true,"showImageEffects":true,"showParticleSystems":true,"showVisualEffectGraphs":true,"m_FxEnabled":true},"in2DMode":false,"pivot":{"x":-0.000004798173904418945,"y":0.5297552943229675,"z":-0.0000068247318267822269},"rotation":{"x":0.0030251166317611934,"y":-0.7422327995300293,"z":0.0033318428322672846,"w":0.6701388359069824},"size":0.6666705012321472,"orthographic":true}