{"cameraMode":{"drawMode":0,"name":"Shaded","section":"Shading Mode"},"sceneLighting":false,"audioPlay":false,"sceneViewState":{"m_AlwaysRefresh":false,"showFog":true,"showSkybox":false,"showFlares":true,"showImageEffects":true,"showParticleSystems":true,"showVisualEffectGraphs":true,"m_FxEnabled":true},"in2DMode":false,"pivot":{"x":0.7798539996147156,"y":0.7053006887435913,"z":-0.5951593518257141},"rotation":{"x":-0.3078559935092926,"y":-0.056181248277425769,"z":0.018203146755695344,"w":-0.9496103525161743},"size":0.6496599912643433,"orthographic":false}