{"cameraMode":{"drawMode":0,"name":"Shaded","section":"Shading Mode"},"sceneLighting":false,"audioPlay":false,"sceneViewState":{"m_AlwaysRefresh":false,"showFog":true,"showSkybox":false,"showFlares":true,"showImageEffects":true,"showParticleSystems":true,"showVisualEffectGraphs":true,"m_FxEnabled":true},"in2DMode":false,"pivot":{"x":-0.15637223422527314,"y":0.10947241634130478,"z":-0.6073273420333862},"rotation":{"x":0.0450434572994709,"y":-0.9534334540367127,"z":0.23725788295269013,"w":0.1808641254901886},"size":0.8660253882408142,"orthographic":false}