{"cameraMode":{"drawMode":0,"name":"Shaded","section":"Shading Mode"},"sceneLighting":false,"audioPlay":false,"sceneViewState":{"m_AlwaysRefresh":false,"showFog":true,"showSkybox":false,"showFlares":true,"showImageEffects":true,"showParticleSystems":true,"showVisualEffectGraphs":true,"m_FxEnabled":true},"in2DMode":false,"pivot":{"x":0.112553171813488,"y":1.0835093259811402,"z":1.5339523553848267},"rotation":{"x":-0.03009171597659588,"y":-0.9697359204292297,"z":0.1809728890657425,"w":-0.16117921471595765},"size":0.6301999092102051,"orthographic":false}