{"cameraMode":{"drawMode":0,"name":"Shaded","section":"Shading Mode"},"sceneLighting":false,"audioPlay":false,"sceneViewState":{"m_AlwaysRefresh":false,"showFog":true,"showSkybox":false,"showFlares":true,"showImageEffects":true,"showParticleSystems":true,"showVisualEffectGraphs":true,"m_FxEnabled":true},"in2DMode":false,"pivot":{"x":-0.2180311679840088,"y":0.956028401851654,"z":0.017911434173583986},"rotation":{"x":-0.012983708642423153,"y":0.9637858867645264,"z":-0.04774655029177666,"w":-0.2620723843574524},"size":2.400022268295288,"orthographic":false}